key,index,indexSymbol,last,variation,percentChange,open,high,low,previousClose,yearHigh,yearLow,indicativeClose,pe,pb,dy,declines,advances,unchanged,perChange365d,perChange30d,date365dAgo,date30dAgo,previousDay,oneWeekAgo,oneMonthAgoVal,oneWeekAgoVal,oneYearAgoVal,previousDayVal,chart365dPath,chart30dPath,chartTodayPath
INDICES ELIGIBLE IN DERIVATIVES,NIFTY 50,NIFTY 50,23914.45,-141.35,-0.59,23858.0,23914.45,23786.8,24055.8,26373.2,22182.55,0,20.22,2.89,1.19,36,14,0,-2.71,-1.92,01-Sep-2025,31-Jul-2026,02-Sep-2026,26-Aug-2026,24383.6,24207.75,24625.05,23914.45,https://nsearchives.nseindia.com/365d/NIFTY-50.svg,https://nsearchives.nseindia.com/30d/NIFTY-50.svg,https://nsearchives.nseindia.com/today/NIFTY-50.svg
INDICES ELIGIBLE IN DERIVATIVES,NIFTY NEXT 50,NIFTY NEXT 50,72947.45,72.7,0.1,72319.0,72947.45,71821.6,72874.75,75000.4,59896.1,0,19.28,3.25,0.99,25,24,1,8.85,-0.96,01-Sep-2025,31-Jul-2026,02-Sep-2026,26-Aug-2026,73651.3,74501.05,66670.15,72947.45,https://nsearchives.nseindia.com/365d/NIFTY-NEXT-50.svg,https://nsearchives.nseindia.com/30d/NIFTY-NEXT-50.svg,https://nsearchives.nseindia.com/today/NIFTY-NEXT-50.svg
INDICES ELIGIBLE IN DERIVATIVES,NIFTY BANK,NIFTY BANK,57172.0,-237.6,-0.41,57006.45,57221.1,56823.2,57409.6,61764.85,49954.85,0,13.53,1.71,0.69,7,7,0,6.54,-0.16,01-Sep-2025,31-Jul-2026,02-Sep-2026,26-Aug-2026,57264.85,57783.75,54002.45,57172.0,https://nsearchives.nseindia.com/365d/NIFTY-BANK.svg,https://nsearchives.nseindia.com/30d/NIFTY-BANK.svg,https://nsearchives.nseindia.com/today/NIFTY-BANK.svg
INDICES ELIGIBLE IN DERIVATIVES,NIFTY FINANCIAL SERVICES,NIFTY FIN SERVICE,25813.05,-190.85,-0.73,25777.2,25842.4,25670.85,26003.9,28562.5,23373.95,0,15.83,2.39,0.97,11,9,0,0.94,-2.94,01-Sep-2025,31-Jul-2026,02-Sep-2026,26-Aug-2026,26594.05,26386.75,25743.5,25813.05,https://nsearchives.nseindia.com/365d/NIFTY-FIN-SERVICE.svg,https://nsearchives.nseindia.com/30d/NIFTY-FIN-SERVICE.svg,https://nsearchives.nseindia.com/today/NIFTY-FIN-SERVICE.svg
INDICES ELIGIBLE IN DERIVATIVES,NIFTY MIDCAP SELECT,NIFTY MID SELECT,14663.65,-149.7,-1.01,14715.45,14719.95,14551.9,14813.35,15089.75,12046.2,0,32.01,4.43,0.49,17,7,1,15.38,-0.82,01-Sep-2025,31-Jul-2026,02-Sep-2026,26-Aug-2026,14784.4,14948.05,12715.7,14663.65,https://nsearchives.nseindia.com/365d/NIFTY-MID-SELECT.svg,https://nsearchives.nseindia.com/30d/NIFTY-MID-SELECT.svg,https://nsearchives.nseindia.com/today/NIFTY-MID-SELECT.svg
INDICES ELIGIBLE IN DERIVATIVES,NIFTY INDIA FPI 150,NIFTY FPI 150,1555.65,-6.75,-0.43,1550.35,1555.65,1542.6,1562.4,1641.4,1346.5,0,22.27,3.3,1.06,92,56,2,0.0,-1.57,,31-Jul-2026,02-Sep-2026,26-Aug-2026,1580.5,1575.95,0.0,1555.65,,https://nsearchives.nseindia.com/30d/NIFTY-FPI-150.svg,https://nsearchives.nseindia.com/today/NIFTY-FPI-150.svg
BROAD MARKET INDICES,NIFTY 100,NIFTY 100,25041.65,-115.75,-0.46,24953.35,25041.65,24861.15,25157.4,26975.15,22720.45,0,20.04,2.95,1.15,61,38,1,-0.69,-1.74,01-Sep-2025,31-Jul-2026,02-Sep-2026,26-Aug-2026,25486.35,25390.95,25231.2,25041.65,https://nsearchives.nseindia.com/365d/NIFTY-100.svg,https://nsearchives.nseindia.com/30d/NIFTY-100.svg,https://nsearchives.nseindia.com/today/NIFTY-100.svg
BROAD MARKET INDICES,NIFTY 200,NIFTY 200,13913.25,-66.15,-0.47,13873.55,13913.25,13808.95,13979.4,14700.95,12396.1,0,21.52,3.16,1.03,122,76,2,1.39,-1.37,01-Sep-2025,31-Jul-2026,02-Sep-2026,26-Aug-2026,14106.3,14117.2,13723.05,13913.25,https://nsearchives.nseindia.com/365d/NIFTY-200.svg,https://nsearchives.nseindia.com/30d/NIFTY-200.svg,https://nsearchives.nseindia.com/today/NIFTY-200.svg
BROAD MARKET INDICES,NIFTY 500,NIFTY 500,23222.8,-117.1,-0.5,23176.95,23226.2,23058.3,23339.9,24144.2,20385.65,0,22.5,3.23,0.97,325,171,4,2.19,-1.01,01-Sep-2025,31-Jul-2026,02-Sep-2026,26-Aug-2026,23460.7,23559.2,22713.55,23222.8,https://nsearchives.nseindia.com/365d/NIFTY-500.svg,https://nsearchives.nseindia.com/30d/NIFTY-500.svg,https://nsearchives.nseindia.com/today/NIFTY-500.svg
BROAD MARKET INDICES,NIFTY MIDCAP 50,NIFTY MIDCAP 50,18120.2,-128.6,-0.7,18136.7,18138.3,17966.55,18248.8,18500.95,14804.55,0,35.64,4.34,0.52,31,18,1,12.77,0.08,01-Sep-2025,31-Jul-2026,02-Sep-2026,26-Aug-2026,18105.85,18380.6,16033.55,18120.2,https://nsearchives.nseindia.com/365d/NIFTY-MIDCAP-50.svg,https://nsearchives.nseindia.com/30d/NIFTY-MIDCAP-50.svg,https://nsearchives.nseindia.com/today/NIFTY-MIDCAP-50.svg
BROAD MARKET INDICES,NIFTY MIDCAP 100,NIFTY MIDCAP 100,63001.6,-332.9,-0.53,62988.85,63007.25,62445.15,63334.5,64450.9,52032.85,0,30.36,4.33,0.55,61,38,1,10.57,0.14,01-Sep-2025,31-Jul-2026,02-Sep-2026,26-Aug-2026,62915.3,64101.2,56825.5,63001.6,https://nsearchives.nseindia.com/365d/NIFTY-MIDCAP-100.svg,https://nsearchives.nseindia.com/30d/NIFTY-MIDCAP-100.svg,https://nsearchives.nseindia.com/today/NIFTY-MIDCAP-100.svg
BROAD MARKET INDICES,NIFTY SMALLCAP 100,NIFTY SMLCAP 100,19812.25,-74.0,-0.37,19803.4,19833.2,19662.15,19886.25,20143.55,14986.0,0,31.38,3.56,0.57,63,36,1,12.63,2.44,01-Sep-2025,31-Jul-2026,02-Sep-2026,26-Aug-2026,19339.65,20067.3,17498.1,19812.25,https://nsearchives.nseindia.com/365d/NIFTY-SMLCAP-100.svg,https://nsearchives.nseindia.com/30d/NIFTY-SMLCAP-100.svg,https://nsearchives.nseindia.com/today/NIFTY-SMLCAP-100.svg
BROAD MARKET INDICES,INDIA VIX,INDIA VIX,11.34,-0.15,-1.34,11.49,12.11,10.55,11.49,28.91,8.72,0,0,0,0,,,,-0.53,-3.57,01-Sep-2025,31-Jul-2026,02-Sep-2026,26-Aug-2026,11.76,10.57,11.29,11.59,https://nsearchives.nseindia.com/365d/INDIA-VIX.svg,https://nsearchives.nseindia.com/30d/INDIA-VIX.svg,https://nsearchives.nseindia.com/today/INDIA-VIX.svg
BROAD MARKET INDICES,NIFTY MIDCAP 150,NIFTY MIDCAP 150,23114.75,-137.95,-0.59,23139.05,23140.0,22935.35,23252.7,23647.5,19218.0,0,28.91,4.36,0.59,97,51,2,9.29,-0.1,01-Sep-2025,31-Jul-2026,02-Sep-2026,26-Aug-2026,23138.45,23532.2,21111.85,23114.75,https://nsearchives.nseindia.com/365d/NIFTY-MIDCAP-150.svg,https://nsearchives.nseindia.com/30d/NIFTY-MIDCAP-150.svg,https://nsearchives.nseindia.com/today/NIFTY-MIDCAP-150.svg
BROAD MARKET INDICES,NIFTY SMALLCAP 50,NIFTY SMLCAP 50,9865.8,-43.25,-0.44,9865.2,9874.1,9794.8,9909.05,10050.9,7338.35,0,31.58,3.44,0.58,34,16,0,16.63,2.3,01-Sep-2025,31-Jul-2026,02-Sep-2026,26-Aug-2026,9644.45,10012.1,8414.65,9865.8,https://nsearchives.nseindia.com/365d/NIFTY-SMLCAP-50.svg,https://nsearchives.nseindia.com/30d/NIFTY-SMLCAP-50.svg,https://nsearchives.nseindia.com/today/NIFTY-SMLCAP-50.svg
BROAD MARKET INDICES,NIFTY SMALLCAP 250,NIFTY SMLCAP 250,18256.3,-106.8,-0.58,18288.5,18293.3,18153.6,18363.1,18526.95,14143.45,0,33.69,3.56,0.56,167,82,1,8.42,1.88,01-Sep-2025,31-Jul-2026,02-Sep-2026,26-Aug-2026,17919.9,18455.75,16738.35,18256.3,https://nsearchives.nseindia.com/365d/NIFTY-SMLCAP-250.svg,https://nsearchives.nseindia.com/30d/NIFTY-SMLCAP-250.svg,https://nsearchives.nseindia.com/today/NIFTY-SMLCAP-250.svg
BROAD MARKET INDICES,NIFTY MIDSMALLCAP 400,NIFTY MIDSML 400,21355.35,-126.6,-0.59,21383.05,21383.45,21205.5,21481.95,21770.3,17390.85,0,30.39,4.05,0.58,264,133,3,8.91,0.57,01-Sep-2025,31-Jul-2026,02-Sep-2026,26-Aug-2026,21234.2,21688.65,19544.6,21355.35,https://nsearchives.nseindia.com/365d/NIFTY-MIDSML-400.svg,https://nsearchives.nseindia.com/30d/NIFTY-MIDSML-400.svg,https://nsearchives.nseindia.com/today/NIFTY-MIDSML-400.svg
BROAD MARKET INDICES,NIFTY500 MULTICAP 50:25:25,NIFTY500 MULTICAP,16506.35,-87.0,-0.52,16489.3,16511.65,16393.15,16593.35,16847.15,14102.2,0,24.44,3.37,0.86,325,171,4,4.16,-0.44,01-Sep-2025,31-Jul-2026,02-Sep-2026,26-Aug-2026,16578.6,16740.95,15821.4,16506.35,https://nsearchives.nseindia.com/365d/NIFTY500-MULTICAP.svg,https://nsearchives.nseindia.com/30d/NIFTY500-MULTICAP.svg,https://nsearchives.nseindia.com/today/NIFTY500-MULTICAP.svg
BROAD MARKET INDICES,NIFTY LARGEMIDCAP 250,NIFTY LARGEMID250,16641.45,-88.25,-0.53,16621.3,16642.75,16518.0,16729.7,17077.75,14445.65,0,23.72,3.53,0.87,158,89,3,4.25,-0.93,01-Sep-2025,31-Jul-2026,02-Sep-2026,26-Aug-2026,16796.85,16908.2,15953.85,16641.45,https://nsearchives.nseindia.com/365d/NIFTY-LARGEMID250.svg,https://nsearchives.nseindia.com/30d/NIFTY-LARGEMID250.svg,https://nsearchives.nseindia.com/today/NIFTY-LARGEMID250.svg
BROAD MARKET INDICES,NIFTY TOTAL MARKET,NIFTY TOTAL MKT,13123.55,-66.7,-0.51,13100.1,13125.7,13032.6,13190.25,13548.0,11436.55,0,22.71,3.25,0.95,491,255,8,2.58,-0.81,01-Sep-2025,31-Jul-2026,02-Sep-2026,26-Aug-2026,13230.25,13312.15,12783.3,13123.55,https://nsearchives.nseindia.com/365d/NIFTY-TOTAL-MKT.svg,https://nsearchives.nseindia.com/30d/NIFTY-TOTAL-MKT.svg,https://nsearchives.nseindia.com/today/NIFTY-TOTAL-MKT.svg
BROAD MARKET INDICES,NIFTY MICROCAP 250,NIFTY MICROCAP250,26130.25,-154.55,-0.59,26187.5,26206.6,26006.65,26284.8,26612.5,18858.5,0,28.1,3.52,0.46,166,84,4,11.25,3.78,01-Sep-2025,31-Jul-2026,02-Sep-2026,26-Aug-2026,25178.75,26443.45,23291.4,26130.25,https://nsearchives.nseindia.com/365d/NIFTY-MICROCAP250.svg,https://nsearchives.nseindia.com/30d/NIFTY-MICROCAP250.svg,https://nsearchives.nseindia.com/today/NIFTY-MICROCAP250.svg
BROAD MARKET INDICES,NIFTY500 LARGEMIDSMALL EQUAL-CAP WEIGHTED,NIFTY500 LMS EQL,18497.0,-101.45,-0.55,18493.1,18505.05,18371.3,18598.45,18831.8,15495.1,0,26.34,3.54,0.77,325,171,4,5.77,0.0,01-Sep-2025,31-Jul-2026,02-Sep-2026,26-Aug-2026,18496.45,18761.5,17447.45,18497.0,https://nsearchives.nseindia.com/365d/NIFTY500-LMS-EQL.svg,https://nsearchives.nseindia.com/30d/NIFTY500-LMS-EQL.svg,https://nsearchives.nseindia.com/today/NIFTY500-LMS-EQL.svg
BROAD MARKET INDICES,NIFTY SMALLCAP 500,NIFTY SMALLCAP 500,20831.4,-121.55,-0.58,20871.5,20877.15,20723.9,20952.95,21145.65,15960.2,0,31.66,3.56,0.54,337,162,5,0.0,2.46,,31-Jul-2026,02-Sep-2026,26-Aug-2026,20331.2,21063.65,0.0,20831.4,,https://nsearchives.nseindia.com/30d/NIFTY-SMALLCAP-500.svg,https://nsearchives.nseindia.com/today/NIFTY-SMALLCAP-500.svg
BROAD MARKET INDICES,NIFTY MIDSMALLCAP400 50:50,NIFTY MIDSMALL 50 50,20843.75,-123.1,-0.59,20873.05,20873.4,20704.35,20966.85,21223.0,16874.3,0,31.12,3.92,0.58,264,133,3,0.0,0.88,,31-Jul-2026,02-Sep-2026,26-Aug-2026,20661.35,21145.35,0.0,20843.75,,https://nsearchives.nseindia.com/30d/NIFTY-MIDSMALL-50-50.svg,https://nsearchives.nseindia.com/today/NIFTY-MIDSMALL-50-50.svg
SECTORAL INDICES,NIFTY AUTO,NIFTY AUTO,27981.95,-509.1,-1.79,28183.2,28225.55,27541.65,28491.05,29865.5,23560.1,0,32.51,4.27,1.04,14,1,0,9.37,-2.65,01-Sep-2025,31-Jul-2026,02-Sep-2026,26-Aug-2026,28744.15,29000.15,25660.0,27981.95,https://nsearchives.nseindia.com/365d/NIFTY-AUTO.svg,https://nsearchives.nseindia.com/30d/NIFTY-AUTO.svg,https://nsearchives.nseindia.com/today/NIFTY-AUTO.svg
SECTORAL INDICES,NIFTY FINANCIAL SERVICES 25/50,NIFTY FINSRV25 50,27956.55,-202.75,-0.72,27906.25,27973.45,27779.75,28159.3,0.0,0.0,0,15.46,2.44,1.06,11,9,0,1.33,-3.78,01-Sep-2025,31-Jul-2026,02-Sep-2026,26-Aug-2026,29055.85,28651.55,27745.65,27956.55,https://nsearchives.nseindia.com/365d/NIFTY-FINSRV25-50.svg,https://nsearchives.nseindia.com/30d/NIFTY-FINSRV25-50.svg,https://nsearchives.nseindia.com/today/NIFTY-FINSRV25-50.svg
SECTORAL INDICES,NIFTY FMCG,NIFTY FMCG,46240.55,-216.6,-0.47,46186.9,46294.1,45880.65,46457.15,57445.2,45334.15,0,32.08,7.72,1.03,11,3,1,-18.6,-5.86,01-Sep-2025,31-Jul-2026,02-Sep-2026,26-Aug-2026,49121.2,47252.9,56175.2,46240.55,https://nsearchives.nseindia.com/365d/NIFTY-FMCG.svg,https://nsearchives.nseindia.com/30d/NIFTY-FMCG.svg,https://nsearchives.nseindia.com/today/NIFTY-FMCG.svg
SECTORAL INDICES,NIFTY IT,NIFTY IT,31102.9,-393.8,-1.25,31164.3,31241.15,30668.1,31496.7,40301.4,25699.1,0,19.84,5.47,2.58,10,0,0,-12.97,1.28,01-Sep-2025,31-Jul-2026,02-Sep-2026,26-Aug-2026,30708.9,30318.85,35740.65,31102.9,https://nsearchives.nseindia.com/365d/NIFTY-IT.svg,https://nsearchives.nseindia.com/30d/NIFTY-IT.svg,https://nsearchives.nseindia.com/today/NIFTY-IT.svg
SECTORAL INDICES,NIFTY MEDIA,NIFTY MEDIA,1534.1,-27.35,-1.75,1554.1,1556.2,1530.0,1561.45,1643.8,1245.05,0,40.75,1.56,0.5,10,0,0,-5.45,-5.22,01-Sep-2025,31-Jul-2026,02-Sep-2026,26-Aug-2026,1618.65,1611.0,1606.85,1534.1,https://nsearchives.nseindia.com/365d/NIFTY-MEDIA.svg,https://nsearchives.nseindia.com/30d/NIFTY-MEDIA.svg,https://nsearchives.nseindia.com/today/NIFTY-MEDIA.svg
SECTORAL INDICES,NIFTY METAL,NIFTY METAL,13157.35,-32.5,-0.25,13105.3,13160.15,13030.0,13189.85,13931.35,9572.1,0,16.02,2.63,1.29,10,5,0,40.21,3.45,01-Sep-2025,31-Jul-2026,02-Sep-2026,26-Aug-2026,12719.0,13541.7,9305.3,13157.35,https://nsearchives.nseindia.com/365d/NIFTY-METAL.svg,https://nsearchives.nseindia.com/30d/NIFTY-METAL.svg,https://nsearchives.nseindia.com/today/NIFTY-METAL.svg
SECTORAL INDICES,NIFTY PHARMA,NIFTY PHARMA,26780.7,-11.95,-0.04,26668.5,26818.5,26611.75,26792.65,27188.45,21149.9,0,41.46,5.04,0.53,11,9,0,23.3,0.93,01-Sep-2025,31-Jul-2026,02-Sep-2026,26-Aug-2026,26534.8,26626.3,21778.85,26780.7,https://nsearchives.nseindia.com/365d/NIFTY-PHARMA.svg,https://nsearchives.nseindia.com/30d/NIFTY-PHARMA.svg,https://nsearchives.nseindia.com/today/NIFTY-PHARMA.svg
SECTORAL INDICES,NIFTY PSU BANK,NIFTY PSU BANK,8511.7,5.95,0.07,8457.2,8558.85,8419.3,8505.75,9918.65,6799.85,0,7.66,1.18,0.75,4,8,0,24.26,1.73,01-Sep-2025,31-Jul-2026,02-Sep-2026,26-Aug-2026,8367.2,8669.5,6830.95,8511.7,https://nsearchives.nseindia.com/365d/NIFTY-PSU-BANK.svg,https://nsearchives.nseindia.com/30d/NIFTY-PSU-BANK.svg,https://nsearchives.nseindia.com/today/NIFTY-PSU-BANK.svg
SECTORAL INDICES,NIFTY PRIVATE BANK,NIFTY PVT BANK,27606.8,-155.3,-0.56,27555.5,27639.2,27501.15,27762.1,29748.45,23957.45,0,17.19,1.98,0.63,6,4,0,5.81,0.31,01-Sep-2025,31-Jul-2026,02-Sep-2026,26-Aug-2026,27522.65,27732.85,26272.45,27606.8,https://nsearchives.nseindia.com/365d/NIFTY-PVT-BANK.svg,https://nsearchives.nseindia.com/30d/NIFTY-PVT-BANK.svg,https://nsearchives.nseindia.com/today/NIFTY-PVT-BANK.svg
SECTORAL INDICES,NIFTY REALTY,NIFTY REALTY,893.15,1.85,0.21,883.75,894.25,868.2,891.3,974.5,638.65,0,37.93,3.91,0.48,6,4,0,0.79,-0.92,01-Sep-2025,31-Jul-2026,02-Sep-2026,26-Aug-2026,901.45,910.15,879.8,893.15,https://nsearchives.nseindia.com/365d/NIFTY-REALTY.svg,https://nsearchives.nseindia.com/30d/NIFTY-REALTY.svg,https://nsearchives.nseindia.com/today/NIFTY-REALTY.svg
SECTORAL INDICES,NIFTY HEALTHCARE INDEX,NIFTY HEALTHCARE,16629.1,-40.75,-0.24,16580.95,16661.35,16547.5,16669.85,16941.7,13536.5,0,43.57,5.38,0.46,12,7,1,15.94,-0.75,01-Sep-2025,31-Jul-2026,02-Sep-2026,26-Aug-2026,16755.5,16586.65,14390.05,16629.1,https://nsearchives.nseindia.com/365d/NIFTY-HEALTHCARE.svg,https://nsearchives.nseindia.com/30d/NIFTY-HEALTHCARE.svg,https://nsearchives.nseindia.com/today/NIFTY-HEALTHCARE.svg
SECTORAL INDICES,NIFTY CONSUMER DURABLES,NIFTY CONSR DURBL,39741.65,-123.25,-0.31,39562.7,39768.55,39192.5,39864.9,40964.55,32587.95,0,64.72,12.25,0.36,8,5,0,0.64,-0.82,01-Sep-2025,31-Jul-2026,02-Sep-2026,26-Aug-2026,40072.15,40448.4,39393.95,39741.65,https://nsearchives.nseindia.com/365d/NIFTY-CONSR-DURBL.svg,https://nsearchives.nseindia.com/30d/NIFTY-CONSR-DURBL.svg,https://nsearchives.nseindia.com/today/NIFTY-CONSR-DURBL.svg
SECTORAL INDICES,NIFTY OIL & GAS,NIFTY OIL AND GAS,11178.85,36.55,0.33,11080.65,11182.45,11025.6,11142.3,12445.7,10580.95,0,11.07,1.38,1.8,4,11,0,1.6,-0.61,01-Sep-2025,31-Jul-2026,02-Sep-2026,26-Aug-2026,11247.7,11149.35,10935.35,11178.85,https://nsearchives.nseindia.com/365d/NIFTY-OIL-AND-GAS.svg,https://nsearchives.nseindia.com/30d/NIFTY-OIL-AND-GAS.svg,https://nsearchives.nseindia.com/today/NIFTY-OIL-AND-GAS.svg
SECTORAL INDICES,NIFTY MIDSMALL HEALTHCARE,NIFTY MIDSML HLTH,52075.2,-80.05,-0.15,52018.25,52132.3,51729.3,52155.25,53040.55,40352.9,0,45.2,5.57,0.3,19,10,1,19.33,0.62,01-Sep-2025,31-Jul-2026,02-Sep-2026,26-Aug-2026,51754.1,52274.55,43692.0,52075.2,https://nsearchives.nseindia.com/365d/NIFTY-MIDSML-HLTH.svg,https://nsearchives.nseindia.com/30d/NIFTY-MIDSML-HLTH.svg,https://nsearchives.nseindia.com/today/NIFTY-MIDSML-HLTH.svg
SECTORAL INDICES,NIFTY FINANCIAL SERVICES EX-BANK,NIFTY FINSEREXBNK,31814.5,-116.05,-0.36,31695.35,31817.35,31411.45,31930.55,33301.05,26788.05,0,21.24,3.88,0.75,16,14,0,10.58,-2.99,01-Sep-2025,31-Jul-2026,02-Sep-2026,26-Aug-2026,32793.45,32926.6,28778.3,31814.5,https://nsearchives.nseindia.com/365d/NIFTY-FINSEREXBNK.svg,https://nsearchives.nseindia.com/30d/NIFTY-FINSEREXBNK.svg,https://nsearchives.nseindia.com/today/NIFTY-FINSEREXBNK.svg
SECTORAL INDICES,NIFTY MIDSMALL FINANCIAL SERVICES,NIFTY MS FIN SERV,22466.45,-84.65,-0.38,22436.25,22466.5,22222.2,22551.1,23193.65,17785.6,0,25.4,3.18,0.41,17,13,0,26.3,0.69,01-Sep-2025,31-Jul-2026,02-Sep-2026,26-Aug-2026,22312.3,23050.65,17812.15,22466.45,https://nsearchives.nseindia.com/365d/NIFTY-MS-FIN-SERV.svg,https://nsearchives.nseindia.com/30d/NIFTY-MS-FIN-SERV.svg,https://nsearchives.nseindia.com/today/NIFTY-MS-FIN-SERV.svg
SECTORAL INDICES,NIFTY MIDSMALL IT & TELECOM,NIFTY MS IT TELCM,10200.6,-73.7,-0.72,10209.45,10227.6,10080.7,10274.3,10591.6,7748.35,0,19.17,7.02,0.64,14,6,0,8.03,5.36,01-Sep-2025,31-Jul-2026,02-Sep-2026,26-Aug-2026,9681.75,10113.4,9498.9,10200.6,https://nsearchives.nseindia.com/365d/NIFTY-MS-IT-TELCM.svg,https://nsearchives.nseindia.com/30d/NIFTY-MS-IT-TELCM.svg,https://nsearchives.nseindia.com/today/NIFTY-MS-IT-TELCM.svg
SECTORAL INDICES,NIFTY CHEMICALS,NIFTY CHEMICALS,30052.4,-16.8,-0.06,29940.35,30067.65,29656.95,30069.2,31895.45,24851.65,0,44.75,4.03,0.57,15,5,0,0.85,-0.15,01-Sep-2025,31-Jul-2026,02-Sep-2026,26-Aug-2026,30096.25,30397.6,29871.71,30052.4,https://nsearchives.nseindia.com/365d/NIFTY-CHEMICALS.svg,https://nsearchives.nseindia.com/30d/NIFTY-CHEMICALS.svg,https://nsearchives.nseindia.com/today/NIFTY-CHEMICALS.svg
SECTORAL INDICES,NIFTY500 HEALTHCARE,NIFTY500 HEALTH,21655.8,-40.75,-0.19,21607.85,21683.3,21549.6,21696.55,21945.75,16294.6,0,45.93,5.74,0.42,30,17,1,0.0,0.15,,31-Jul-2026,02-Sep-2026,26-Aug-2026,21622.55,21621.3,0.0,21655.8,,https://nsearchives.nseindia.com/30d/NIFTY500-HEALTH.svg,https://nsearchives.nseindia.com/today/NIFTY500-HEALTH.svg
SECTORAL INDICES,NIFTY REITS & REALTY,NIFTY REITS REALTY,1929.0,0.45,0.02,1921.45,1931.35,1907.15,1928.55,2012.9,1632.55,0,51.64,2.6,3.54,8,7,0,0.0,-0.86,,31-Jul-2026,02-Sep-2026,26-Aug-2026,1945.7,1947.2,0.0,1929.0,,https://nsearchives.nseindia.com/30d/NIFTY-REITS-REALTY.svg,https://nsearchives.nseindia.com/today/NIFTY-REITS-REALTY.svg
SECTORAL INDICES,NIFTY CEMENT,NIFTY CEMENT,14521.25,-66.35,-0.45,14551.25,14551.3,14339.9,14587.6,18188.6,13534.8,0,26.83,2.08,0.41,12,4,0,0.0,-4.51,,31-Jul-2026,02-Sep-2026,26-Aug-2026,15207.75,15105.6,0.0,14521.25,,https://nsearchives.nseindia.com/30d/NIFTY-CEMENT.svg,https://nsearchives.nseindia.com/today/NIFTY-CEMENT.svg
STRATEGY INDICES,NIFTY DIVIDEND OPPORTUNITIES 50,NIFTY DIV OPPS 50,5830.5,-28.75,-0.49,5816.55,5830.65,5768.6,5859.25,6584.65,5614.0,0,13.24,2.4,2.24,28,21,1,-1.32,-1.83,01-Sep-2025,31-Jul-2026,02-Sep-2026,26-Aug-2026,5939.1,5878.05,5881.6,5830.5,https://nsearchives.nseindia.com/365d/NIFTY-DIV-OPPS-50.svg,https://nsearchives.nseindia.com/30d/NIFTY-DIV-OPPS-50.svg,https://nsearchives.nseindia.com/today/NIFTY-DIV-OPPS-50.svg
STRATEGY INDICES,NIFTY GROWTH SECTORS 15,NIFTY GROWSECT 15,11435.75,-105.55,-0.91,11414.75,11440.65,11334.45,11541.3,12852.45,10329.35,0,27.78,6.47,1.44,12,3,0,-2.97,-1.89,01-Sep-2025,31-Jul-2026,02-Sep-2026,26-Aug-2026,11655.75,11532.5,11791.75,11435.75,https://nsearchives.nseindia.com/365d/NIFTY-GROWSECT-15.svg,https://nsearchives.nseindia.com/30d/NIFTY-GROWSECT-15.svg,https://nsearchives.nseindia.com/today/NIFTY-GROWSECT-15.svg
STRATEGY INDICES,NIFTY100 QUALITY 30,NIFTY100 QUALTY30,5656.65,-39.4,-0.69,5651.25,5656.65,5606.55,5696.05,0.0,0.0,0,27.25,6.66,1.62,24,5,1,-0.36,-0.31,01-Sep-2025,31-Jul-2026,02-Sep-2026,26-Aug-2026,5674.2,5701.9,5650.1,5656.65,https://nsearchives.nseindia.com/365d/NIFTY100-QUALTY30.svg,https://nsearchives.nseindia.com/30d/NIFTY100-QUALTY30.svg,https://nsearchives.nseindia.com/today/NIFTY100-QUALTY30.svg
STRATEGY INDICES,NIFTY50 VALUE 20,NIFTY50 VALUE 20,11811.2,-52.8,-0.45,11772.5,11834.6,11737.45,11864.0,13684.4,11528.6,0,14.7,1.97,1.62,13,7,0,-6.37,-1.41,01-Sep-2025,31-Jul-2026,02-Sep-2026,26-Aug-2026,11980.35,11860.4,12629.05,11811.2,https://nsearchives.nseindia.com/365d/NIFTY50-VALUE-20.svg,https://nsearchives.nseindia.com/30d/NIFTY50-VALUE-20.svg,https://nsearchives.nseindia.com/today/NIFTY50-VALUE-20.svg
STRATEGY INDICES,NIFTY50 TR 2X LEVERAGE,NIFTY50 TR 2X LEV,17860.2,-209.35,-1.16,17775.45,17860.2,17670.3,18069.55,22435.45,15547.15,0,0,0,0,,,,-9.71,-4.07,01-Sep-2025,31-Jul-2026,02-Sep-2026,26-Aug-2026,18618.5,18314.4,19856.2,17860.2,https://nsearchives.nseindia.com/365d/NIFTY50-TR-2X-LEV.svg,https://nsearchives.nseindia.com/30d/NIFTY50-TR-2X-LEV.svg,https://nsearchives.nseindia.com/today/NIFTY50-TR-2X-LEV.svg
STRATEGY INDICES,NIFTY50 PR 2X LEVERAGE,NIFTY50 PR 2X LEV,11718.0,-140.95,-1.19,11662.35,11718.0,11593.35,11858.95,14993.4,10365.7,0,0,0,0,,,,-11.65,-4.3,01-Sep-2025,31-Jul-2026,02-Sep-2026,26-Aug-2026,12244.6,12019.65,13313.9,11718.0,https://nsearchives.nseindia.com/365d/NIFTY50-PR-2X-LEV.svg,https://nsearchives.nseindia.com/30d/NIFTY50-PR-2X-LEV.svg,https://nsearchives.nseindia.com/today/NIFTY50-PR-2X-LEV.svg
STRATEGY INDICES,NIFTY50 TR 1X INVERSE,NIFTY50 TR 1X INV,180.6,1.05,0.58,181.0,181.55,180.6,179.55,193.35,161.8,0,0,0,0,,,,5.28,2.24,01-Sep-2025,31-Jul-2026,02-Sep-2026,26-Aug-2026,176.65,178.3,171.2,180.6,https://nsearchives.nseindia.com/365d/NIFTY50-TR-1X-INV.svg,https://nsearchives.nseindia.com/30d/NIFTY50-TR-1X-INV.svg,https://nsearchives.nseindia.com/today/NIFTY50-TR-1X-INV.svg
STRATEGY INDICES,NIFTY50 PR 1X INVERSE,NIFTY50 PR 1X INV,222.6,1.35,0.61,223.1,223.75,222.6,221.25,236.5,197.8,0,0,0,0,,,,6.33,2.37,01-Sep-2025,31-Jul-2026,02-Sep-2026,26-Aug-2026,217.45,219.7,208.9,222.6,https://nsearchives.nseindia.com/365d/NIFTY50-PR-1X-INV.svg,https://nsearchives.nseindia.com/30d/NIFTY50-PR-1X-INV.svg,https://nsearchives.nseindia.com/today/NIFTY50-PR-1X-INV.svg
STRATEGY INDICES,NIFTY50 DIVIDEND POINTS,NIFTY50 DIV POINT,193.19,3.63,1.91,193.19,193.19,193.19,189.56,0.0,0.0,0,0,0,0,,,,-6.37,18.06,01-Sep-2025,31-Jul-2026,02-Sep-2026,26-Aug-2026,163.64,189.56,206.33,193.19,https://nsearchives.nseindia.com/365d/NIFTY50-DIV-POINT.svg,https://nsearchives.nseindia.com/30d/NIFTY50-DIV-POINT.svg,https://nsearchives.nseindia.com/today/NIFTY50-DIV-POINT.svg
STRATEGY INDICES,NIFTY ALPHA 50,NIFTY ALPHA 50,56455.85,-222.55,-0.39,56373.65,56489.75,55945.0,56678.4,0.0,0.0,0,23.59,4.88,0.56,31,18,1,12.23,4.09,01-Sep-2025,31-Jul-2026,02-Sep-2026,26-Aug-2026,54236.25,57536.75,50145.1,56455.85,https://nsearchives.nseindia.com/365d/NIFTY-ALPHA-50.svg,https://nsearchives.nseindia.com/30d/NIFTY-ALPHA-50.svg,https://nsearchives.nseindia.com/today/NIFTY-ALPHA-50.svg
STRATEGY INDICES,NIFTY50 EQUAL WEIGHT,NIFTY50 EQL WGT,32664.15,-170.65,-0.52,32594.15,32664.15,32440.85,32834.8,0.0,0.0,0,23.86,3.32,1.26,36,14,0,3.71,-2.18,01-Sep-2025,31-Jul-2026,02-Sep-2026,26-Aug-2026,33391.95,33071.1,31474.9,32664.15,https://nsearchives.nseindia.com/365d/NIFTY50-EQL-WGT.svg,https://nsearchives.nseindia.com/30d/NIFTY50-EQL-WGT.svg,https://nsearchives.nseindia.com/today/NIFTY50-EQL-WGT.svg
STRATEGY INDICES,NIFTY100 EQUAL WEIGHT,NIFTY100 EQL WGT,34637.6,-82.75,-0.24,34463.3,34637.6,34252.75,34720.35,0.0,0.0,0,20.86,3.19,1.13,61,38,1,6.32,-1.53,01-Sep-2025,31-Jul-2026,02-Sep-2026,26-Aug-2026,35174.5,35264.65,32471.5,34637.6,https://nsearchives.nseindia.com/365d/NIFTY100-EQL-WGT.svg,https://nsearchives.nseindia.com/30d/NIFTY100-EQL-WGT.svg,https://nsearchives.nseindia.com/today/NIFTY100-EQL-WGT.svg
STRATEGY INDICES,NIFTY100 LOW VOLATILITY 30,NIFTY100 LOWVOL30,20033.8,-119.55,-0.59,19985.8,20033.8,19911.45,20153.35,0.0,0.0,0,24.73,3.94,1.35,22,8,0,-1.99,-2.61,01-Sep-2025,31-Jul-2026,02-Sep-2026,26-Aug-2026,20570.85,20191.75,20411.55,20033.8,https://nsearchives.nseindia.com/365d/NIFTY100-LOWVOL30.svg,https://nsearchives.nseindia.com/30d/NIFTY100-LOWVOL30.svg,https://nsearchives.nseindia.com/today/NIFTY100-LOWVOL30.svg
STRATEGY INDICES,NIFTY200 QUALITY 30,NIFTY200 QUALTY30,20401.1,-143.1,-0.7,20397.3,20405.65,20213.8,20544.2,0.0,0.0,0,27.65,8.63,1.68,25,5,0,-1.86,-1.03,01-Sep-2025,31-Jul-2026,02-Sep-2026,26-Aug-2026,20613.65,20518.65,20683.35,20401.1,https://nsearchives.nseindia.com/365d/NIFTY200-QUALTY30.svg,https://nsearchives.nseindia.com/30d/NIFTY200-QUALTY30.svg,https://nsearchives.nseindia.com/today/NIFTY200-QUALTY30.svg
STRATEGY INDICES,NIFTY ALPHA LOW-VOLATILITY 30,NIFTY ALPHALOWVOL,26821.1,-118.4,-0.44,26760.5,26821.1,26606.7,26939.5,0.0,0.0,0,25.78,4.07,0.96,22,8,0,2.01,-2.33,01-Sep-2025,31-Jul-2026,02-Sep-2026,26-Aug-2026,27460.6,27164.8,26330.85,26821.1,https://nsearchives.nseindia.com/365d/NIFTY-ALPHALOWVOL.svg,https://nsearchives.nseindia.com/30d/NIFTY-ALPHALOWVOL.svg,https://nsearchives.nseindia.com/today/NIFTY-ALPHALOWVOL.svg
STRATEGY INDICES,NIFTY200 MOMENTUM 30,NIFTY200MOMENTM30,30711.4,-44.7,-0.15,30559.55,30711.4,30313.3,30756.1,0.0,0.0,0,24.12,4.46,0.88,16,14,0,2.32,0.36,01-Sep-2025,31-Jul-2026,02-Sep-2026,26-Aug-2026,30600.95,31394.85,30053.85,30711.4,https://nsearchives.nseindia.com/365d/NIFTY200MOMENTM30.svg,https://nsearchives.nseindia.com/30d/NIFTY200MOMENTM30.svg,https://nsearchives.nseindia.com/today/NIFTY200MOMENTM30.svg
STRATEGY INDICES,NIFTY MIDCAP150 QUALITY 50,NIFTY M150 QLTY50,24238.2,-275.95,-1.13,24383.75,24388.8,24102.65,24514.15,0.0,0.0,0,31.55,7.04,0.96,40,10,0,0.26,-0.97,01-Sep-2025,31-Jul-2026,02-Sep-2026,26-Aug-2026,24475.65,24644.15,24121.15,24238.2,https://nsearchives.nseindia.com/365d/NIFTY-M150-QLTY50.svg,https://nsearchives.nseindia.com/30d/NIFTY-M150-QLTY50.svg,https://nsearchives.nseindia.com/today/NIFTY-M150-QLTY50.svg
STRATEGY INDICES,NIFTY200 ALPHA 30,NIFTY200 ALPHA 30,26615.45,-18.1,-0.07,26476.55,26615.45,26240.05,26633.55,0.0,0.0,0,20.24,4.88,0.73,18,11,1,7.2,1.51,01-Sep-2025,31-Jul-2026,02-Sep-2026,26-Aug-2026,26220.65,27434.65,24821.85,26615.45,https://nsearchives.nseindia.com/365d/NIFTY200-ALPHA-30.svg,https://nsearchives.nseindia.com/30d/NIFTY200-ALPHA-30.svg,https://nsearchives.nseindia.com/today/NIFTY200-ALPHA-30.svg
STRATEGY INDICES,NIFTY MIDCAP150 MOMENTUM 50,NIFTYM150MOMNTM50,63680.1,-269.8,-0.42,63666.95,63690.9,63148.15,63949.9,0.0,0.0,0,27.11,5.13,0.49,31,18,1,5.41,1.22,01-Sep-2025,31-Jul-2026,02-Sep-2026,26-Aug-2026,62913.45,64783.45,60500.75,63680.1,https://nsearchives.nseindia.com/365d/NIFTYM150MOMNTM50.svg,https://nsearchives.nseindia.com/30d/NIFTYM150MOMNTM50.svg,https://nsearchives.nseindia.com/today/NIFTYM150MOMNTM50.svg
STRATEGY INDICES,NIFTY500 MOMENTUM 50,NIFTY500MOMENTM50,54770.1,-301.5,-0.55,54768.5,54799.6,54357.7,55071.6,0.0,0.0,0,30.37,6.09,0.5,33,17,0,7.49,2.69,01-Sep-2025,31-Jul-2026,02-Sep-2026,26-Aug-2026,53337.25,55609.85,50978.15,54770.1,https://nsearchives.nseindia.com/365d/NIFTY500MOMENTM50.svg,https://nsearchives.nseindia.com/30d/NIFTY500MOMENTM50.svg,https://nsearchives.nseindia.com/today/NIFTY500MOMENTM50.svg
STRATEGY INDICES,NIFTY MIDSMALLCAP400 MOMENTUM QUALITY 100,NIFTYMS400 MQ 100,51514.2,-483.1,-0.93,51768.9,51771.2,51228.05,51997.3,0.0,0.0,0,30.28,6.16,0.62,73,26,1,7.92,1.2,01-Sep-2025,31-Jul-2026,02-Sep-2026,26-Aug-2026,50904.5,52248.15,47628.2,51514.2,https://nsearchives.nseindia.com/365d/NIFTYMS400-MQ-100.svg,https://nsearchives.nseindia.com/30d/NIFTYMS400-MQ-100.svg,https://nsearchives.nseindia.com/today/NIFTYMS400-MQ-100.svg
STRATEGY INDICES,NIFTY SMALLCAP250 MOMENTUM QUALITY 100,NIFTYSML250MQ 100,48485.65,-419.15,-0.86,48692.55,48710.15,48301.45,48904.8,0.0,0.0,0,26.91,4.58,0.62,70,29,1,7.63,3.29,01-Sep-2025,31-Jul-2026,02-Sep-2026,26-Aug-2026,46941.5,49138.4,44841.4,48485.65,https://nsearchives.nseindia.com/365d/NIFTYSML250MQ-100.svg,https://nsearchives.nseindia.com/30d/NIFTYSML250MQ-100.svg,https://nsearchives.nseindia.com/today/NIFTYSML250MQ-100.svg
STRATEGY INDICES,NIFTY TOP 10 EQUAL WEIGHT,NIFTY TOP 10 EW,8609.95,-51.6,-0.6,8594.7,8623.15,8559.75,8661.55,0.0,0.0,0,18.02,2.96,1.3,8,2,0,-7.05,-0.61,01-Sep-2025,31-Jul-2026,02-Sep-2026,26-Aug-2026,8662.4,8610.55,9300.3,8609.95,https://nsearchives.nseindia.com/365d/NIFTY-TOP-10-EW.svg,https://nsearchives.nseindia.com/30d/NIFTY-TOP-10-EW.svg,https://nsearchives.nseindia.com/today/NIFTY-TOP-10-EW.svg
STRATEGY INDICES,NIFTY ALPHA QUALITY LOW-VOLATILITY 30,NIFTY AQL 30,22698.2,-178.85,-0.78,22723.05,22737.85,22542.45,22877.05,0.0,0.0,0,29.36,6.39,1.24,23,7,0,0.47,-2.49,01-Sep-2025,31-Jul-2026,02-Sep-2026,26-Aug-2026,23277.35,22925.35,22486.8,22698.2,https://nsearchives.nseindia.com/365d/NIFTY-AQL-30.svg,https://nsearchives.nseindia.com/30d/NIFTY-AQL-30.svg,https://nsearchives.nseindia.com/today/NIFTY-AQL-30.svg
STRATEGY INDICES,NIFTY ALPHA QUALITY VALUE LOW-VOLATILITY 30,NIFTY AQLV 30,20010.75,-113.4,-0.56,19998.65,20010.75,19888.5,20124.15,0.0,0.0,0,16.56,2.83,1.61,20,10,0,-4.23,-2.6,01-Sep-2025,31-Jul-2026,02-Sep-2026,26-Aug-2026,20544.15,20188.95,20848.85,20010.75,https://nsearchives.nseindia.com/365d/NIFTY-AQLV-30.svg,https://nsearchives.nseindia.com/30d/NIFTY-AQLV-30.svg,https://nsearchives.nseindia.com/today/NIFTY-AQLV-30.svg
STRATEGY INDICES,NIFTY HIGH BETA 50,NIFTY HIGHBETA 50,4400.15,-7.85,-0.18,4375.1,4402.25,4330.2,4408.0,0.0,0.0,0,21.06,3.3,0.79,30,20,0,24.19,-0.91,01-Sep-2025,31-Jul-2026,02-Sep-2026,26-Aug-2026,4440.75,4583.75,3522.95,4400.15,https://nsearchives.nseindia.com/365d/NIFTY-HIGHBETA-50.svg,https://nsearchives.nseindia.com/30d/NIFTY-HIGHBETA-50.svg,https://nsearchives.nseindia.com/today/NIFTY-HIGHBETA-50.svg
STRATEGY INDICES,NIFTY LOW VOLATILITY 50,NIFTY LOW VOL 50,24376.55,-151.45,-0.62,24351.9,24379.6,24231.25,24528.0,0.0,0.0,0,25.9,4.24,1.27,35,14,1,-2.92,-2.81,01-Sep-2025,31-Jul-2026,02-Sep-2026,26-Aug-2026,25081.25,24611.75,25016.75,24376.55,https://nsearchives.nseindia.com/365d/NIFTY-LOW-VOL-50.svg,https://nsearchives.nseindia.com/30d/NIFTY-LOW-VOL-50.svg,https://nsearchives.nseindia.com/today/NIFTY-LOW-VOL-50.svg
STRATEGY INDICES,NIFTY QUALITY LOW-VOLATILITY 30,NIFTY QLTY LV 30,16525.4,-126.25,-0.76,16538.3,16549.35,16436.5,16651.65,0.0,0.0,0,26.92,5.37,1.46,24,6,0,-4.88,-2.58,01-Sep-2025,31-Jul-2026,02-Sep-2026,26-Aug-2026,16963.85,16637.2,17321.6,16525.4,https://nsearchives.nseindia.com/365d/NIFTY-QLTY-LV-30.svg,https://nsearchives.nseindia.com/30d/NIFTY-QLTY-LV-30.svg,https://nsearchives.nseindia.com/today/NIFTY-QLTY-LV-30.svg
STRATEGY INDICES,NIFTY SMALLCAP250 QUALITY 50,NIFTY SML250 Q50,25196.75,-225.2,-0.89,25319.25,25328.45,25069.35,25421.95,0.0,0.0,0,24.63,4.7,1.05,35,15,0,-5.79,-0.7,01-Sep-2025,31-Jul-2026,02-Sep-2026,26-Aug-2026,25373.2,25601.05,26579.0,25196.75,https://nsearchives.nseindia.com/365d/NIFTY-SML250-Q50.svg,https://nsearchives.nseindia.com/30d/NIFTY-SML250-Q50.svg,https://nsearchives.nseindia.com/today/NIFTY-SML250-Q50.svg
STRATEGY INDICES,NIFTY TOP 15 EQUAL WEIGHT,NIFTY TOP 15 EW,9696.85,-71.5,-0.73,9686.2,9705.1,9646.25,9768.35,0.0,0.0,0,18.95,3.12,1.29,12,3,0,-4.49,-2.51,01-Sep-2025,31-Jul-2026,02-Sep-2026,26-Aug-2026,9946.65,9826.95,10191.9,9696.85,https://nsearchives.nseindia.com/365d/NIFTY-TOP-15-EW.svg,https://nsearchives.nseindia.com/30d/NIFTY-TOP-15-EW.svg,https://nsearchives.nseindia.com/today/NIFTY-TOP-15-EW.svg
STRATEGY INDICES,NIFTY100 ALPHA 30,NIFTY100 ALPHA 30,17949.55,-32.65,-0.18,17830.2,17949.55,17701.95,17982.2,0.0,0.0,0,19.75,3.24,0.87,18,12,0,-1.04,-0.85,01-Sep-2025,31-Jul-2026,02-Sep-2026,26-Aug-2026,18103.2,18552.3,18142.3,17949.55,https://nsearchives.nseindia.com/365d/NIFTY100-ALPHA-30.svg,https://nsearchives.nseindia.com/30d/NIFTY100-ALPHA-30.svg,https://nsearchives.nseindia.com/today/NIFTY100-ALPHA-30.svg
STRATEGY INDICES,NIFTY200 VALUE 30,NIFTY200 VALUE 30,14806.35,59.85,0.41,14669.55,14806.35,14604.15,14746.5,0.0,0.0,0,9.29,1.27,2.11,9,21,0,16.78,-2.15,01-Sep-2025,31-Jul-2026,02-Sep-2026,26-Aug-2026,15131.2,14972.85,12616.25,14806.35,https://nsearchives.nseindia.com/365d/NIFTY200-VALUE-30.svg,https://nsearchives.nseindia.com/30d/NIFTY200-VALUE-30.svg,https://nsearchives.nseindia.com/today/NIFTY200-VALUE-30.svg
STRATEGY INDICES,NIFTY500 EQUAL WEIGHT,NIFTY500 EW,14925.25,-75.55,-0.5,14932.2,14934.9,14812.75,15000.8,0.0,0.0,0,27.33,3.51,0.74,325,171,4,5.49,-0.05,01-Sep-2025,31-Jul-2026,02-Sep-2026,26-Aug-2026,14932.65,15167.95,14075.1,14925.25,https://nsearchives.nseindia.com/365d/NIFTY500-EW.svg,https://nsearchives.nseindia.com/30d/NIFTY500-EW.svg,https://nsearchives.nseindia.com/today/NIFTY500-EW.svg
STRATEGY INDICES,NIFTY500 MULTICAP MOMENTUM QUALITY 50,NIFTY MULTI MQ 50,41484.85,-316.75,-0.76,41602.0,41604.25,41207.8,41801.6,0.0,0.0,0,30.09,7.48,0.92,36,13,1,1.47,1.86,01-Sep-2025,31-Jul-2026,02-Sep-2026,26-Aug-2026,40728.75,42187.1,40721.8,41484.85,https://nsearchives.nseindia.com/365d/NIFTY-MULTI-MQ-50.svg,https://nsearchives.nseindia.com/30d/NIFTY-MULTI-MQ-50.svg,https://nsearchives.nseindia.com/today/NIFTY-MULTI-MQ-50.svg
STRATEGY INDICES,NIFTY500 VALUE 50,NIFTY500 VALUE 50,15946.0,53.3,0.34,15815.1,15948.7,15742.55,15892.7,0.0,0.0,0,10.39,1.32,2.04,22,28,0,14.97,-1.25,01-Sep-2025,31-Jul-2026,02-Sep-2026,26-Aug-2026,16147.85,16152.85,13795.75,15946.0,https://nsearchives.nseindia.com/365d/NIFTY500-VALUE-50.svg,https://nsearchives.nseindia.com/30d/NIFTY500-VALUE-50.svg,https://nsearchives.nseindia.com/today/NIFTY500-VALUE-50.svg
STRATEGY INDICES,NIFTY TOP 20 EQUAL WEIGHT,NIFTY TOP 20 EW,8830.75,-49.75,-0.56,8801.6,8830.75,8767.8,8880.5,0.0,0.0,0,21.15,3.42,1.43,14,6,0,-2.26,-1.61,01-Sep-2025,31-Jul-2026,02-Sep-2026,26-Aug-2026,8974.8,8904.35,9070.6,8830.75,https://nsearchives.nseindia.com/365d/NIFTY-TOP-20-EW.svg,https://nsearchives.nseindia.com/30d/NIFTY-TOP-20-EW.svg,https://nsearchives.nseindia.com/today/NIFTY-TOP-20-EW.svg
STRATEGY INDICES,NIFTY500 QUALITY 50,NIFTY500 QLTY50,19624.8,-116.05,-0.59,19619.4,19633.65,19430.85,19740.85,0.0,0.0,0,26.31,8.49,1.37,34,16,0,3.35,-0.68,01-Sep-2025,31-Jul-2026,02-Sep-2026,26-Aug-2026,19758.85,19769.9,18865.05,19624.8,https://nsearchives.nseindia.com/365d/NIFTY500-QLTY50.svg,https://nsearchives.nseindia.com/30d/NIFTY500-QLTY50.svg,https://nsearchives.nseindia.com/today/NIFTY500-QLTY50.svg
STRATEGY INDICES,NIFTY500 LOW VOLATILITY 50,NIFTY500 LOWVOL50,22094.3,-64.5,-0.29,22023.2,22095.65,21937.9,22158.8,0.0,0.0,0,21.85,3.61,1.59,28,20,2,0.37,-2.95,01-Sep-2025,31-Jul-2026,02-Sep-2026,26-Aug-2026,22764.9,22261.1,21953.4,22094.3,https://nsearchives.nseindia.com/365d/NIFTY500-LOWVOL50.svg,https://nsearchives.nseindia.com/30d/NIFTY500-LOWVOL50.svg,https://nsearchives.nseindia.com/today/NIFTY500-LOWVOL50.svg
STRATEGY INDICES,NIFTY500 MULTIFACTOR MQVLV 50,NIFTY500 MQVLV50,30404.6,7.45,0.02,30267.75,30413.4,30116.5,30397.15,0.0,0.0,0,13.97,2.28,1.62,25,25,0,-0.85,-2.83,01-Sep-2025,31-Jul-2026,02-Sep-2026,26-Aug-2026,31290.85,30637.15,30512.7,30404.6,https://nsearchives.nseindia.com/365d/NIFTY500-MQVLV50.svg,https://nsearchives.nseindia.com/30d/NIFTY500-MQVLV50.svg,https://nsearchives.nseindia.com/today/NIFTY500-MQVLV50.svg
STRATEGY INDICES,NIFTY50 USD,NIFTY50 USD,8726.05,-52.73,-0.6,8778.75,8778.75,8671.3,8778.78,0.0,0.0,0,,,,,,,-9.67,-1.46,,31-Jul-2026,01-Sep-2026,26-Aug-2026,8854.92,8790.82,0.0,8778.78,,https://nsearchives.nseindia.com/30d/NIFTY50-USD.svg,https://nsearchives.nseindia.com/today/NIFTY50-USD.svg
STRATEGY INDICES,NIFTY500 FLEXICAP QUALITY 30,NIFTY500 FLEXICAP,9944.95,-137.7,-1.37,10010.2,10012.15,9897.15,10082.65,0.0,0.0,0,32.54,6.67,1.19,27,3,0,0.0,-1.94,,31-Jul-2026,02-Sep-2026,26-Aug-2026,10141.5,10100.2,0.0,9944.95,,https://nsearchives.nseindia.com/30d/NIFTY500-FLEXICAP.svg,https://nsearchives.nseindia.com/today/NIFTY500-FLEXICAP.svg
STRATEGY INDICES,NIFTY TOTAL MARKET MOMENTUM QUALITY 50,NIFTY TMMQ 50,44316.95,-333.65,-0.75,44409.5,44424.35,43966.65,44650.6,0.0,0.0,0,35.87,9.32,0.86,36,14,0,0.0,2.24,,31-Jul-2026,02-Sep-2026,26-Aug-2026,43344.85,44871.8,0.0,44316.95,,https://nsearchives.nseindia.com/30d/NIFTY-TMMQ-50.svg,https://nsearchives.nseindia.com/today/NIFTY-TMMQ-50.svg
THEMATIC INDICES,NIFTY COMMODITIES,NIFTY COMMODITIES,9756.9,52.7,0.54,9647.0,9756.9,9601.8,9704.2,10569.65,8724.95,0,15.12,1.96,1.44,12,18,0,11.66,-1.06,01-Sep-2025,31-Jul-2026,02-Sep-2026,26-Aug-2026,9861.75,9876.65,8693.7,9756.9,https://nsearchives.nseindia.com/365d/NIFTY-COMMODITIES.svg,https://nsearchives.nseindia.com/30d/NIFTY-COMMODITIES.svg,https://nsearchives.nseindia.com/today/NIFTY-COMMODITIES.svg
THEMATIC INDICES,NIFTY INDIA CONSUMPTION,NIFTY CONSUMPTION,11703.6,-78.7,-0.67,11679.3,11703.6,11584.85,11782.3,12716.2,10298.5,0,38.11,6.95,0.79,23,6,1,-4.17,-3.13,01-Sep-2025,31-Jul-2026,02-Sep-2026,26-Aug-2026,12081.85,11968.2,12208.55,11703.6,https://nsearchives.nseindia.com/365d/NIFTY-CONSUMPTION.svg,https://nsearchives.nseindia.com/30d/NIFTY-CONSUMPTION.svg,https://nsearchives.nseindia.com/today/NIFTY-CONSUMPTION.svg
THEMATIC INDICES,NIFTY CPSE,NIFTY CPSE,6429.8,42.8,0.67,6378.2,6432.35,6350.8,6387.0,7593.35,6101.9,0,12.38,1.87,2.89,5,6,0,1.87,-1.54,01-Sep-2025,31-Jul-2026,02-Sep-2026,26-Aug-2026,6530.05,6389.5,6232.45,6429.8,https://nsearchives.nseindia.com/365d/NIFTY-CPSE.svg,https://nsearchives.nseindia.com/30d/NIFTY-CPSE.svg,https://nsearchives.nseindia.com/today/NIFTY-CPSE.svg
THEMATIC INDICES,NIFTY ENERGY,NIFTY ENERGY,38028.4,222.3,0.59,37706.2,38034.95,37504.7,37806.1,41828.55,32890.3,0,14.75,2.06,1.8,17,23,0,10.26,-1.81,01-Sep-2025,31-Jul-2026,02-Sep-2026,26-Aug-2026,38729.55,38099.9,34155.3,38028.4,https://nsearchives.nseindia.com/365d/NIFTY-ENERGY.svg,https://nsearchives.nseindia.com/30d/NIFTY-ENERGY.svg,https://nsearchives.nseindia.com/today/NIFTY-ENERGY.svg
THEMATIC INDICES,NIFTY INFRASTRUCTURE,NIFTY INFRA,9212.05,2.8,0.03,9150.9,9212.35,9113.65,9209.25,9792.6,8426.65,0,22.73,2.66,1.03,14,15,1,2.77,-2.1,01-Sep-2025,31-Jul-2026,02-Sep-2026,26-Aug-2026,9409.25,9288.85,8947.0,9212.05,https://nsearchives.nseindia.com/365d/NIFTY-INFRA.svg,https://nsearchives.nseindia.com/30d/NIFTY-INFRA.svg,https://nsearchives.nseindia.com/today/NIFTY-INFRA.svg
THEMATIC INDICES,NIFTY100 LIQUID 15,NIFTY100 LIQ 15,7517.6,-33.9,-0.45,7491.2,7517.6,7459.6,7551.5,7785.85,6565.7,0,24.86,3,0.86,11,4,0,8.57,-1.07,01-Sep-2025,31-Jul-2026,02-Sep-2026,26-Aug-2026,7598.7,7653.7,6926.05,7517.6,https://nsearchives.nseindia.com/365d/NIFTY100-LIQ-15.svg,https://nsearchives.nseindia.com/30d/NIFTY100-LIQ-15.svg,https://nsearchives.nseindia.com/today/NIFTY100-LIQ-15.svg
THEMATIC INDICES,NIFTY MIDCAP LIQUID 15,NIFTY MID LIQ 15,17146.0,-219.85,-1.27,17237.75,17244.35,16995.7,17365.85,17721.85,13702.75,0,38.68,4.9,0.54,11,3,1,14.57,1.52,01-Sep-2025,31-Jul-2026,02-Sep-2026,26-Aug-2026,16889.05,17573.85,14979.2,17146.0,https://nsearchives.nseindia.com/365d/NIFTY-MID-LIQ-15.svg,https://nsearchives.nseindia.com/30d/NIFTY-MID-LIQ-15.svg,https://nsearchives.nseindia.com/today/NIFTY-MID-LIQ-15.svg
THEMATIC INDICES,NIFTY MNC,NIFTY MNC,32246.6,-267.1,-0.82,32291.85,32301.75,31945.5,32513.7,34028.0,27597.2,0,35,7.06,1.28,26,4,0,8.29,-2.45,01-Sep-2025,31-Jul-2026,02-Sep-2026,26-Aug-2026,33056.15,33214.95,29608.45,32246.6,https://nsearchives.nseindia.com/365d/NIFTY-MNC.svg,https://nsearchives.nseindia.com/30d/NIFTY-MNC.svg,https://nsearchives.nseindia.com/today/NIFTY-MNC.svg
THEMATIC INDICES,NIFTY PSE,NIFTY PSE,9695.95,36.45,0.38,9616.85,9696.15,9564.35,9659.5,10839.05,9342.0,0,11,1.73,2.69,8,12,0,2.33,-2.47,01-Sep-2025,31-Jul-2026,02-Sep-2026,26-Aug-2026,9941.9,9727.85,9366.4,9695.95,https://nsearchives.nseindia.com/365d/NIFTY-PSE.svg,https://nsearchives.nseindia.com/30d/NIFTY-PSE.svg,https://nsearchives.nseindia.com/today/NIFTY-PSE.svg
THEMATIC INDICES,NIFTY SERVICES SECTOR,NIFTY SERV SECTOR,30525.25,-231.35,-0.75,30482.15,30528.4,30391.05,30756.6,34549.75,28232.65,0,18.82,2.85,1.31,22,8,0,-4.41,-2.38,01-Sep-2025,31-Jul-2026,02-Sep-2026,26-Aug-2026,31268.65,30899.4,32046.9,30525.25,https://nsearchives.nseindia.com/365d/NIFTY-SERV-SECTOR.svg,https://nsearchives.nseindia.com/30d/NIFTY-SERV-SECTOR.svg,https://nsearchives.nseindia.com/today/NIFTY-SERV-SECTOR.svg
THEMATIC INDICES,NIFTY100 ESG SECTOR LEADERS,NIFTY100ESGSECLDR,4003.15,-18.55,-0.46,3986.9,4003.15,3970.35,4021.7,0.0,0.0,0,20.97,3.01,1.14,37,22,1,-3.43,-2.69,01-Sep-2025,31-Jul-2026,02-Sep-2026,26-Aug-2026,4113.75,4065.75,4150.3,4003.15,https://nsearchives.nseindia.com/365d/NIFTY100ESGSECLDR.svg,https://nsearchives.nseindia.com/30d/NIFTY100ESGSECLDR.svg,https://nsearchives.nseindia.com/today/NIFTY100ESGSECLDR.svg
THEMATIC INDICES,NIFTY INDIA DIGITAL,NIFTY IND DIGITAL,8802.2,-65.1,-0.73,8802.05,8809.35,8704.35,8867.3,9723.25,7233.65,0,29.38,6.64,1.37,39,12,0,-2.36,3.39,01-Sep-2025,31-Jul-2026,02-Sep-2026,26-Aug-2026,8513.75,8784.95,9011.35,8802.2,https://nsearchives.nseindia.com/365d/NIFTY-IND-DIGITAL.svg,https://nsearchives.nseindia.com/30d/NIFTY-IND-DIGITAL.svg,https://nsearchives.nseindia.com/today/NIFTY-IND-DIGITAL.svg
THEMATIC INDICES,NIFTY100 ESG,NIFTY100 ESG,4967.55,-27.0,-0.54,4952.6,4967.55,4924.9,4994.55,0.0,0.0,0,21.09,3.43,1.21,47,31,1,1.37,-2.42,01-Sep-2025,31-Jul-2026,02-Sep-2026,26-Aug-2026,5090.5,5049.7,4901.85,4967.55,https://nsearchives.nseindia.com/365d/NIFTY100-ESG.svg,https://nsearchives.nseindia.com/30d/NIFTY100-ESG.svg,https://nsearchives.nseindia.com/today/NIFTY100-ESG.svg
THEMATIC INDICES,NIFTY INDIA MANUFACTURING,NIFTY INDIA MFG,16269.35,-133.15,-0.81,16277.75,16287.3,16128.25,16402.5,0.0,0.0,0,28.11,4.05,0.84,55,21,0,12.12,-0.36,01-Sep-2025,31-Jul-2026,02-Sep-2026,26-Aug-2026,16328.9,16567.6,14484.2,16269.35,https://nsearchives.nseindia.com/365d/NIFTY-INDIA-MFG.svg,https://nsearchives.nseindia.com/30d/NIFTY-INDIA-MFG.svg,https://nsearchives.nseindia.com/today/NIFTY-INDIA-MFG.svg
THEMATIC INDICES,NIFTY INDIA CORPORATE GROUP INDEX - TATA GROUP 25% CAP,NIFTY TATA 25 CAP,14371.85,-49.55,-0.34,14294.2,14371.85,14184.3,14421.4,15588.85,13218.65,0,33.96,4.57,1.71,6,4,0,-4.08,-1.77,01-Sep-2025,31-Jul-2026,02-Sep-2026,26-Aug-2026,14631.3,14495.8,14929.0,14371.85,https://nsearchives.nseindia.com/365d/NIFTY-TATA-25-CAP.svg,https://nsearchives.nseindia.com/30d/NIFTY-TATA-25-CAP.svg,https://nsearchives.nseindia.com/today/NIFTY-TATA-25-CAP.svg
THEMATIC INDICES,NIFTY500 MULTICAP INDIA MANUFACTURING 50:30:20,NIFTY MULTI MFG,16808.95,-136.65,-0.81,16831.7,16839.3,16687.8,16945.6,17180.3,14148.2,0,31,3.75,0.71,52,23,0,10.94,0.45,01-Sep-2025,31-Jul-2026,02-Sep-2026,26-Aug-2026,16734.4,16999.2,15125.05,16808.95,https://nsearchives.nseindia.com/365d/NIFTY-MULTI-MFG.svg,https://nsearchives.nseindia.com/30d/NIFTY-MULTI-MFG.svg,https://nsearchives.nseindia.com/today/NIFTY-MULTI-MFG.svg
THEMATIC INDICES,NIFTY500 MULTICAP INFRASTRUCTURE 50:30:20,NIFTY MULTI INFRA,14403.4,-30.2,-0.21,14357.85,14407.85,14270.5,14433.6,14885.8,12542.85,0,24.38,3.14,0.86,46,28,1,4.69,-1.64,01-Sep-2025,31-Jul-2026,02-Sep-2026,26-Aug-2026,14642.95,14583.65,13715.05,14403.4,https://nsearchives.nseindia.com/365d/NIFTY-MULTI-INFRA.svg,https://nsearchives.nseindia.com/30d/NIFTY-MULTI-INFRA.svg,https://nsearchives.nseindia.com/today/NIFTY-MULTI-INFRA.svg
THEMATIC INDICES,NIFTY INDIA DEFENCE,NIFTY IND DEFENCE,9621.35,-26.3,-0.27,9598.2,9623.5,9497.8,9647.65,9977.6,7184.9,0,58.06,11.31,0.49,11,7,1,25.75,3.11,01-Sep-2025,31-Jul-2026,02-Sep-2026,26-Aug-2026,9331.15,9745.0,7577.3,9621.35,https://nsearchives.nseindia.com/365d/NIFTY-IND-DEFENCE.svg,https://nsearchives.nseindia.com/30d/NIFTY-IND-DEFENCE.svg,https://nsearchives.nseindia.com/today/NIFTY-IND-DEFENCE.svg
THEMATIC INDICES,NIFTY INDIA TOURISM,NIFTY IND TOURISM,7792.1,-22.55,-0.29,7753.45,7794.95,7666.5,7814.65,9380.65,6502.65,0,87.88,8.86,0.32,11,4,0,-14.41,-1.03,01-Sep-2025,31-Jul-2026,02-Sep-2026,26-Aug-2026,7872.85,8036.9,9093.05,7792.1,https://nsearchives.nseindia.com/365d/NIFTY-IND-TOURISM.svg,https://nsearchives.nseindia.com/30d/NIFTY-IND-TOURISM.svg,https://nsearchives.nseindia.com/today/NIFTY-IND-TOURISM.svg
THEMATIC INDICES,NIFTY CAPITAL MARKETS,NIFTY CAPITAL MKT,5352.6,-38.4,-0.71,5356.3,5378.3,5295.0,5391.0,5697.1,4111.65,0,44.03,11.1,0.68,11,6,0,27.26,0.86,01-Sep-2025,31-Jul-2026,02-Sep-2026,26-Aug-2026,5307.15,5532.7,4223.25,5352.6,https://nsearchives.nseindia.com/365d/NIFTY-CAPITAL-MKT.svg,https://nsearchives.nseindia.com/30d/NIFTY-CAPITAL-MKT.svg,https://nsearchives.nseindia.com/today/NIFTY-CAPITAL-MKT.svg
THEMATIC INDICES,NIFTY EV & NEW AGE AUTOMOTIVE,NIFTY EV,3243.25,-54.4,-1.65,3272.65,3275.7,3216.85,3297.65,0.0,0.0,0,42.71,4.69,0.81,33,5,0,6.26,-0.47,01-Sep-2025,31-Jul-2026,02-Sep-2026,26-Aug-2026,3258.55,3322.35,3048.65,3243.25,https://nsearchives.nseindia.com/365d/NIFTY-EV.svg,https://nsearchives.nseindia.com/30d/NIFTY-EV.svg,https://nsearchives.nseindia.com/today/NIFTY-EV.svg
THEMATIC INDICES,NIFTY INDIA NEW AGE CONSUMPTION,NIFTY NEW CONSUMP,12003.4,-67.5,-0.56,11971.4,12005.8,11846.9,12070.9,0.0,0.0,0,47.16,6.46,0.57,51,24,0,-0.34,-0.08,01-Sep-2025,31-Jul-2026,02-Sep-2026,26-Aug-2026,12012.85,12284.3,12052.25,12003.4,https://nsearchives.nseindia.com/365d/NIFTY-NEW-CONSUMP.svg,https://nsearchives.nseindia.com/30d/NIFTY-NEW-CONSUMP.svg,https://nsearchives.nseindia.com/today/NIFTY-NEW-CONSUMP.svg
THEMATIC INDICES,NIFTY INDIA SELECT 5 CORPORATE GROUPS (MAATR),NIFTY CORP MAATR,38558.9,-33.65,-0.09,38304.3,38561.45,38024.1,38592.55,0.0,0.0,0,23.94,3.03,0.8,22,20,0,7.33,-2.03,01-Sep-2025,31-Jul-2026,02-Sep-2026,26-Aug-2026,39356.8,39355.0,36016.05,38558.9,https://nsearchives.nseindia.com/365d/NIFTY-CORP-MAATR.svg,https://nsearchives.nseindia.com/30d/NIFTY-CORP-MAATR.svg,https://nsearchives.nseindia.com/today/NIFTY-CORP-MAATR.svg
THEMATIC INDICES,NIFTY MOBILITY,NIFTY MOBILITY,23143.85,-273.5,-1.17,23177.0,23201.5,22823.25,23417.35,0.0,0.0,0,38.2,4.22,0.85,22,8,0,5.93,-1.12,01-Sep-2025,31-Jul-2026,02-Sep-2026,26-Aug-2026,23404.85,23805.65,21811.35,23143.85,https://nsearchives.nseindia.com/365d/NIFTY-MOBILITY.svg,https://nsearchives.nseindia.com/30d/NIFTY-MOBILITY.svg,https://nsearchives.nseindia.com/today/NIFTY-MOBILITY.svg
THEMATIC INDICES,NIFTY100 ENHANCED ESG,NIFTY100 ENH ESG,5000.4,-27.2,-0.54,4985.35,5000.4,4957.5,5027.6,0.0,0.0,0,21.07,3.43,1.22,45,31,1,1.24,-2.43,01-Sep-2025,31-Jul-2026,02-Sep-2026,26-Aug-2026,5125.0,5082.9,4941.45,5000.4,https://nsearchives.nseindia.com/365d/NIFTY100-ENH-ESG.svg,https://nsearchives.nseindia.com/30d/NIFTY100-ENH-ESG.svg,https://nsearchives.nseindia.com/today/NIFTY100-ENH-ESG.svg
THEMATIC INDICES,NIFTY CORE HOUSING,NIFTY COREHOUSING,15460.45,-99.25,-0.64,15478.4,15479.45,15283.2,15559.7,16610.25,12788.2,0,31.98,3.35,0.48,21,8,1,-5.15,-2.52,01-Sep-2025,31-Jul-2026,02-Sep-2026,26-Aug-2026,15859.55,15882.6,16311.65,15460.45,https://nsearchives.nseindia.com/365d/NIFTY-COREHOUSING.svg,https://nsearchives.nseindia.com/30d/NIFTY-COREHOUSING.svg,https://nsearchives.nseindia.com/today/NIFTY-COREHOUSING.svg
THEMATIC INDICES,NIFTY HOUSING,NIFTY HOUSING,11749.75,-18.25,-0.16,11689.4,11749.75,11631.3,11768.0,12244.25,10358.7,0,20.57,2.65,0.97,26,24,0,3.62,-2.08,01-Sep-2025,31-Jul-2026,02-Sep-2026,26-Aug-2026,11999.75,11982.75,11327.45,11749.75,https://nsearchives.nseindia.com/365d/NIFTY-HOUSING.svg,https://nsearchives.nseindia.com/30d/NIFTY-HOUSING.svg,https://nsearchives.nseindia.com/today/NIFTY-HOUSING.svg
THEMATIC INDICES,NIFTY IPO,NIFTY IPO,2383.05,1.5,0.06,2377.5,2385.85,2362.3,2381.55,2422.75,1774.6,0,57.54,9,0.13,68,60,0,10.69,4.51,01-Sep-2025,31-Jul-2026,02-Sep-2026,26-Aug-2026,2280.25,2411.1,2154.2,2383.05,https://nsearchives.nseindia.com/365d/NIFTY-IPO.svg,https://nsearchives.nseindia.com/30d/NIFTY-IPO.svg,https://nsearchives.nseindia.com/today/NIFTY-IPO.svg
THEMATIC INDICES,NIFTY MIDSMALL INDIA CONSUMPTION,NIFTY MS IND CONS,18539.55,-97.25,-0.52,18520.75,18540.4,18324.4,18636.8,20135.15,15614.35,0,33.45,7.23,0.76,17,12,1,-5.75,-2.46,01-Sep-2025,31-Jul-2026,02-Sep-2026,26-Aug-2026,19006.65,18936.3,19572.35,18539.55,https://nsearchives.nseindia.com/365d/NIFTY-MS-IND-CONS.svg,https://nsearchives.nseindia.com/30d/NIFTY-MS-IND-CONS.svg,https://nsearchives.nseindia.com/today/NIFTY-MS-IND-CONS.svg
THEMATIC INDICES,NIFTY NON-CYCLICAL CONSUMER,NIFTY NONCYC CONS,15093.35,-65.5,-0.43,15040.0,15093.35,14959.1,15158.85,16774.2,13311.1,0,54.82,9.19,0.69,21,8,1,-9.12,-2.79,01-Sep-2025,31-Jul-2026,02-Sep-2026,26-Aug-2026,15526.2,15357.4,16546.05,15093.35,https://nsearchives.nseindia.com/365d/NIFTY-NONCYC-CONS.svg,https://nsearchives.nseindia.com/30d/NIFTY-NONCYC-CONS.svg,https://nsearchives.nseindia.com/today/NIFTY-NONCYC-CONS.svg
THEMATIC INDICES,NIFTY RURAL,NIFTY RURAL,15112.7,-102.1,-0.67,15107.3,15112.7,14980.65,15214.8,16396.4,13751.35,0,22.62,3.56,1.02,49,25,1,-0.36,-3.97,01-Sep-2025,31-Jul-2026,02-Sep-2026,26-Aug-2026,15736.85,15549.55,15163.8,15112.7,https://nsearchives.nseindia.com/365d/NIFTY-RURAL.svg,https://nsearchives.nseindia.com/30d/NIFTY-RURAL.svg,https://nsearchives.nseindia.com/today/NIFTY-RURAL.svg
THEMATIC INDICES,NIFTY SHARIAH 25,NIFTY SHARIAH 25,7932.85,-76.6,-0.96,7957.05,7959.0,7878.85,8009.45,8562.1,7196.6,0,26.65,4.55,1.73,19,5,1,-5.12,-2.39,01-Sep-2025,31-Jul-2026,02-Sep-2026,26-Aug-2026,8126.85,7954.45,8349.8,7932.85,https://nsearchives.nseindia.com/365d/NIFTY-SHARIAH-25.svg,https://nsearchives.nseindia.com/30d/NIFTY-SHARIAH-25.svg,https://nsearchives.nseindia.com/today/NIFTY-SHARIAH-25.svg
THEMATIC INDICES,NIFTY TRANSPORTATION & LOGISTICS,NIFTY TRANS LOGIS,25783.6,-353.05,-1.35,25873.75,25902.25,25434.7,26136.65,27025.05,21355.4,0,44.69,5.05,0.76,26,4,0,4.22,-1.4,01-Sep-2025,31-Jul-2026,02-Sep-2026,26-Aug-2026,26149.7,26627.25,24763.0,25783.6,https://nsearchives.nseindia.com/365d/NIFTY-TRANS-LOGIS.svg,https://nsearchives.nseindia.com/30d/NIFTY-TRANS-LOGIS.svg,https://nsearchives.nseindia.com/today/NIFTY-TRANS-LOGIS.svg
THEMATIC INDICES,NIFTY50 SHARIAH,NIFTY50 SHARIAH,4253.4,-34.35,-0.8,4252.3,4256.85,4220.1,4287.75,4982.45,4082.25,0,23.61,3.8,1.77,14,3,0,-9.43,-2.71,01-Sep-2025,31-Jul-2026,02-Sep-2026,26-Aug-2026,4371.85,4252.2,4695.25,4253.4,https://nsearchives.nseindia.com/365d/NIFTY50-SHARIAH.svg,https://nsearchives.nseindia.com/30d/NIFTY50-SHARIAH.svg,https://nsearchives.nseindia.com/today/NIFTY50-SHARIAH.svg
THEMATIC INDICES,NIFTY500 SHARIAH,NIFTY500 SHARIAH,6971.85,-61.85,-0.88,6987.75,6988.75,6931.0,7033.7,7291.95,6162.95,0,28.13,4.26,1.13,149,54,2,-1.97,-0.85,01-Sep-2025,31-Jul-2026,02-Sep-2026,26-Aug-2026,7031.8,7032.8,7094.5,6971.85,https://nsearchives.nseindia.com/365d/NIFTY500-SHARIAH.svg,https://nsearchives.nseindia.com/30d/NIFTY500-SHARIAH.svg,https://nsearchives.nseindia.com/today/NIFTY500-SHARIAH.svg
THEMATIC INDICES,NIFTY SME EMERGE,NIFTY SME EMERGE,14622.75,51.05,0.35,14560.0,14643.55,14546.5,14571.7,17223.65,11015.55,0,22.8,3.72,0.2,,,,-3.09,4.62,01-Sep-2025,31-Jul-2026,02-Sep-2026,26-Aug-2026,13977.3,14718.3,15064.59,14622.75,https://nsearchives.nseindia.com/365d/NIFTY-SME-EMERGE.svg,https://nsearchives.nseindia.com/30d/NIFTY-SME-EMERGE.svg,https://nsearchives.nseindia.com/today/NIFTY-SME-EMERGE.svg
THEMATIC INDICES,NIFTY INDIA INTERNET,NIFTY INTERNET,1452.95,-5.45,-0.37,1447.9,1453.7,1433.3,1458.4,1501.9,1056.45,0,157.25,6.95,0.2,17,10,0,0.0,7.17,,31-Jul-2026,02-Sep-2026,26-Aug-2026,1355.75,1481.45,0.0,1452.95,,https://nsearchives.nseindia.com/30d/NIFTY-INTERNET.svg,https://nsearchives.nseindia.com/today/NIFTY-INTERNET.svg
THEMATIC INDICES,NIFTY WAVES,NIFTY WAVES,1850.0,-26.55,-1.41,1871.2,1872.2,1847.1,1876.55,2789.8,1581.05,0,0,2.37,0.45,28,10,2,-12.61,-4.63,01-Sep-2025,31-Jul-2026,02-Sep-2026,26-Aug-2026,1939.85,1940.1,2102.16,1850.0,https://nsearchives.nseindia.com/365d/NIFTY-WAVES.svg,https://nsearchives.nseindia.com/30d/NIFTY-WAVES.svg,https://nsearchives.nseindia.com/today/NIFTY-WAVES.svg
THEMATIC INDICES,NIFTY INDIA INFRASTRUCTURE & LOGISTICS,NIFTY INFRALOG,11897.05,-18.85,-0.16,11844.65,11898.75,11749.5,11915.9,12549.95,9210.4,0,28.03,3.9,0.87,62,37,1,0.0,-1.68,,31-Jul-2026,02-Sep-2026,26-Aug-2026,12100.5,12145.8,0.0,11897.05,,https://nsearchives.nseindia.com/30d/NIFTY-INFRALOG.svg,https://nsearchives.nseindia.com/today/NIFTY-INFRALOG.svg
THEMATIC INDICES,NIFTY INDIA RAILWAYS PSU,NIFTY RAILWAYSPSU,2749.3,-20.65,-0.75,2756.6,2762.35,2731.15,2769.95,4005.5,2731.15,0,21.36,2.73,1.84,10,7,0,-20.23,-4.16,01-Sep-2025,31-Jul-2026,02-Sep-2026,26-Aug-2026,2868.5,2833.3,3373.36,2749.3,https://nsearchives.nseindia.com/365d/NIFTY-RAILWAYSPSU.svg,https://nsearchives.nseindia.com/30d/NIFTY-RAILWAYSPSU.svg,https://nsearchives.nseindia.com/today/NIFTY-RAILWAYSPSU.svg
THEMATIC INDICES,NIFTY CONGLOMERATE 50,NIFTYCONGLOMERATE,15142.35,-36.95,-0.24,15062.65,15143.2,14964.65,15179.3,15692.3,12226.8,0,23.37,3.88,0.98,28,20,2,7.89,-1.28,01-Sep-2025,31-Jul-2026,02-Sep-2026,26-Aug-2026,15338.7,15419.75,14041.61,15142.35,https://nsearchives.nseindia.com/365d/NIFTYCONGLOMERATE.svg,https://nsearchives.nseindia.com/30d/NIFTYCONGLOMERATE.svg,https://nsearchives.nseindia.com/today/NIFTYCONGLOMERATE.svg
FIXED INCOME INDICES,NIFTY 8-13 YR G-SEC,NIFTY GS 8 13YR,3036.24,-4.52,-0.14,3041.32,3041.33,3034.06,3040.76,0.0,0.0,0,0,0,0,,,,4.31,-0.34,01-Sep-2025,31-Jul-2026,02-Sep-2026,26-Aug-2026,3046.46,3057.61,2907.33,3037.05,https://nsearchives.nseindia.com/365d/NIFTY-GS-8-13YR.svg,https://nsearchives.nseindia.com/30d/NIFTY-GS-8-13YR.svg,https://nsearchives.nseindia.com/today/NIFTY-GS-8-13YR.svg
FIXED INCOME INDICES,NIFTY 10 YR BENCHMARK G-SEC,NIFTY GS 10YR,2657.35,-3.38,-0.12,2661.23,2661.23,2654.48,2660.73,0.0,0.0,0,0,0,0,,,,3.08,-0.42,01-Sep-2025,31-Jul-2026,02-Sep-2026,26-Aug-2026,2668.64,2677.39,2574.25,2657.61,https://nsearchives.nseindia.com/365d/NIFTY-GS-10YR.svg,https://nsearchives.nseindia.com/30d/NIFTY-GS-10YR.svg,https://nsearchives.nseindia.com/today/NIFTY-GS-10YR.svg
FIXED INCOME INDICES,NIFTY 10 YR BENCHMARK G-SEC (CLEAN PRICE),NIFTY GS 10YR CLN,866.27,-1.29,-0.14,867.56,867.56,865.31,867.56,0.0,0.0,0,0,0,0,,,,-3.59,-1.04,01-Sep-2025,31-Jul-2026,02-Sep-2026,26-Aug-2026,875.39,873.95,897.36,866.36,https://nsearchives.nseindia.com/365d/NIFTY-GS-10YR-CLN.svg,https://nsearchives.nseindia.com/30d/NIFTY-GS-10YR-CLN.svg,https://nsearchives.nseindia.com/today/NIFTY-GS-10YR-CLN.svg
FIXED INCOME INDICES,NIFTY 4-8 YR G-SEC INDEX,NIFTY GS 4 8YR,3333.2,0.84,0.02,3332.95,3333.68,3329.56,3332.36,0.0,0.0,0,0,0,0,,,,5.68,0.01,01-Sep-2025,31-Jul-2026,02-Sep-2026,26-Aug-2026,3332.96,3345.34,3151.27,3332.39,https://nsearchives.nseindia.com/365d/NIFTY-GS-4-8YR.svg,https://nsearchives.nseindia.com/30d/NIFTY-GS-4-8YR.svg,https://nsearchives.nseindia.com/today/NIFTY-GS-4-8YR.svg
FIXED INCOME INDICES,NIFTY 11-15 YR G-SEC INDEX,NIFTY GS 11 15YR,3367.18,-4.8,-0.14,3372.62,3372.64,3362.96,3371.98,0.0,0.0,0,0,0,0,,,,6.16,-0.24,01-Sep-2025,31-Jul-2026,02-Sep-2026,26-Aug-2026,3375.44,3387.8,3167.48,3366.24,https://nsearchives.nseindia.com/365d/NIFTY-GS-11-15YR.svg,https://nsearchives.nseindia.com/30d/NIFTY-GS-11-15YR.svg,https://nsearchives.nseindia.com/today/NIFTY-GS-11-15YR.svg
FIXED INCOME INDICES,NIFTY 15 YR AND ABOVE G-SEC INDEX,NIFTY GS 15YRPLUS,3528.07,-11.8,-0.33,3540.6,3540.6,3525.26,3539.87,0.0,0.0,0,0,0,0,,,,4.04,-0.6,01-Sep-2025,31-Jul-2026,02-Sep-2026,26-Aug-2026,3549.48,3569.21,3388.38,3528.24,https://nsearchives.nseindia.com/365d/NIFTY-GS-15YRPLUS.svg,https://nsearchives.nseindia.com/30d/NIFTY-GS-15YRPLUS.svg,https://nsearchives.nseindia.com/today/NIFTY-GS-15YRPLUS.svg
FIXED INCOME INDICES,NIFTY COMPOSITE G-SEC INDEX,NIFTY GS COMPSITE,3127.57,-4.21,-0.13,3132.38,3132.38,3125.33,3131.78,0.0,0.0,0,0,0,0,,,,4.7,-0.28,01-Sep-2025,31-Jul-2026,02-Sep-2026,26-Aug-2026,3136.21,3150.07,2984.01,3126.51,https://nsearchives.nseindia.com/365d/NIFTY-GS-COMPSITE.svg,https://nsearchives.nseindia.com/30d/NIFTY-GS-COMPSITE.svg,https://nsearchives.nseindia.com/today/NIFTY-GS-COMPSITE.svg
FIXED INCOME INDICES,NIFTY BHARAT BOND INDEX - APRIL 2030,BHARATBOND-APR30,1607.96,0.64,0.04,1607.64,1607.96,1607.64,1607.32,0.0,0.0,0,,,,,,,4.67,-0.09,01-Sep-2025,31-Jul-2026,01-Sep-2026,26-Aug-2026,1609.33,1607.96,1535.52,1607.32,https://nsearchives.nseindia.com/365d/BHARATBOND-APR30.svg,https://nsearchives.nseindia.com/30d/BHARATBOND-APR30.svg,https://nsearchives.nseindia.com/today/BHARATBOND-APR30.svg
FIXED INCOME INDICES,NIFTY BHARAT BOND INDEX - APRIL 2031,BHARATBOND-APR31,1457.68,0.29,0.02,1457.67,1457.68,1457.67,1457.39,0.0,0.0,0,,,,,,,4.21,-0.33,01-Sep-2025,31-Jul-2026,01-Sep-2026,26-Aug-2026,1462.54,1459.59,1398.71,1457.39,https://nsearchives.nseindia.com/365d/BHARATBOND-APR31.svg,https://nsearchives.nseindia.com/30d/BHARATBOND-APR31.svg,https://nsearchives.nseindia.com/today/BHARATBOND-APR31.svg
FIXED INCOME INDICES,NIFTY BHARAT BOND INDEX - APRIL 2032,BHARATBOND-APR32,1322.24,0.26,0.02,1322.23,1322.24,1322.23,1321.98,0.0,0.0,0,,,,,,,3.86,-0.7,01-Sep-2025,31-Jul-2026,01-Sep-2026,26-Aug-2026,1331.56,1325.01,1273.19,1321.98,https://nsearchives.nseindia.com/365d/BHARATBOND-APR32.svg,https://nsearchives.nseindia.com/30d/BHARATBOND-APR32.svg,https://nsearchives.nseindia.com/today/BHARATBOND-APR32.svg
FIXED INCOME INDICES,NIFTY BHARAT BOND INDEX - APRIL 2033,BHARATBOND-APR33,1281.01,0.26,0.02,1281.0,1281.01,1281.0,1280.75,0.0,0.0,0,,,,,,,3.5,-0.75,01-Sep-2025,31-Jul-2026,01-Sep-2026,26-Aug-2026,1290.74,1284.2,1237.5,1280.75,https://nsearchives.nseindia.com/365d/BHARATBOND-APR33.svg,https://nsearchives.nseindia.com/30d/BHARATBOND-APR33.svg,https://nsearchives.nseindia.com/today/BHARATBOND-APR33.svg
